Tonal_S,Pitch_SD,MIS,Onset_Density,TI_OD,ISO,PIC,RIC
0.12182487286708676,0.04500746545567913,0.21255971791716738,1.0507606375034289,0.7614966849007097,1.1851973017213604,0.026161375228399064,-0.10908871477886128
